Episode,Map,Size,Agents,Density,Reward,Moving Cost,Detour Percentage,Average Loss,Average Epsilon,Success
0,map_0,32,2,0.1,-2.299999999999999,0.0,0.0,0.0020732074772240594,0.9954100000000012,0
1,map_0,32,2,0.1,-2.2,0.0,0.0,0.00041873546894445705,0.9855100000000033,0
2,map_0,32,2,0.1,-2.8999999999999972,0.0,0.0,0.00012414358331755337,0.973810000000006,0
3,map_0,32,2,0.1,-2.9999999999999964,0.0,0.0,6.197896273079096e-05,0.9603100000000092,0
4,map_0,32,2,0.1,-2.999999999999994,0.0,0.0,9.00706777328095e-05,0.9450100000000129,0
5,map_0,32,2,0.1,-3.399999999999995,0.0,0.0,0.000174543619978067,0.9279100000000162,0
6,map_0,32,2,0.1,-3.9999999999999885,0.0,0.0,0.0001222327559100284,0.9090100000000212,0
7,map_0,32,2,0.1,-3.7999999999999883,0.0,0.0,0.0001007553798748025,0.8883100000000259,0
8,map_0,32,2,0.1,-4.499999999999989,0.0,0.0,9.537152428282963e-05,0.8658100000000316,0
9,map_0,32,2,0.1,-5.099999999999991,0.0,0.0,8.875962761781661e-05,0.8415100000000368,0
0,map_1,32,2,0.3,-2.699999999999998,0.0,0.0,0.001468222375260666,0.9954100000000012,0
1,map_1,32,2,0.3,-3.1999999999999993,0.0,0.0,0.001062113675288856,0.9855100000000033,0
2,map_1,32,2,0.3,-3.4999999999999973,0.0,0.0,0.00031153981638323917,0.973810000000006,0
3,map_1,32,2,0.3,-4.4999999999999964,0.0,0.0,0.00020547078711388166,0.9603100000000092,0
4,map_1,32,2,0.3,-4.799999999999997,0.0,0.0,0.00024177518134820274,0.9450100000000129,0
5,map_1,32,2,0.3,-4.699999999999995,0.0,0.0,0.00023310641103307716,0.9279100000000162,0
6,map_1,32,2,0.3,-4.099999999999991,0.0,0.0,0.00016909000160839324,0.9090100000000212,0
7,map_1,32,2,0.3,-5.299999999999992,0.0,0.0,0.0001897844730289459,0.8883100000000259,0
8,map_1,32,2,0.3,-5.0999999999999925,0.0,0.0,0.0002113142639315741,0.8658100000000316,0
9,map_1,32,2,0.3,-8.5,0.0,0.0,0.00016786628891298148,0.8415100000000368,0
0,map_10,32,8,0.5,0.0,1.0,0.0,0.0,0.0,1
1,map_10,32,8,0.5,-4.299999999999996,0.0,0.0,0.002601762309980889,0.9945100000000016,0
2,map_10,32,8,0.5,-3.3999999999999955,0.0,0.0,0.0006491760118348923,0.9828100000000041,0
3,map_10,32,8,0.5,-4.8999999999999995,0.0,0.0,0.0003336878893605899,0.9693100000000078,0
4,map_10,32,8,0.5,-0.7599999999999999,4.25,325.0,0.0003650144462881144,0.9606700000000091,1
5,map_10,32,8,0.5,-5.599999999999995,0.0,0.0,0.0003420445472875144,0.9502300000000113,0
6,map_10,32,8,0.5,-0.44,5.0,400.0,0.0002459464412822854,0.9408700000000139,1
7,map_10,32,8,0.5,-8.000000000000002,0.0,0.0,0.0001881703854451189,0.9297100000000161,0
8,map_10,32,8,0.5,-2.779999999999999,19.5,1850.0,0.00016829272231246394,0.9154900000000197,1
9,map_10,32,8,0.5,-0.01999999999999999,1.5,50.0,0.0003182255895808339,0.9118900000000205,1
0,map_11,32,8,0.7,-3.659999999999998,23.5,2250.0,0.0010470009969456282,0.9957700000000014,1
1,map_11,32,8,0.7,-0.33,4.0,300.0,0.0011859371249253552,0.991360000000002,1
2,map_11,32,8,0.7,-0.13,2.0,100.0,0.00156864442396909,0.9908200000000021,1
3,map_11,32,8,0.7,-0.22,3.0,200.0,0.0013802061439491808,0.9903700000000022,1
4,map_11,32,8,0.7,-0.33,4.0,300.0,0.0010686694683196645,0.9899200000000024,1
5,map_11,32,8,0.7,-0.01999999999999999,1.5,50.0,0.0016512081492692232,0.9894700000000025,1
6,map_11,32,8,0.7,-0.45999999999999996,7.0,600.0,0.0014069824052664142,0.9887500000000026,1
7,map_11,32,8,0.7,-0.11,2.0,100.0,0.0014137917896732688,0.9881200000000028,1
8,map_11,32,8,0.7,-0.13,4.0,300.0,0.0012519063893705606,0.9877600000000029,1
9,map_11,32,8,0.7,-2.5699999999999994,28.0,2700.0,0.0010088070412166417,0.9850600000000036,1
0,map_12,32,16,0.1,-2.8999999999999977,0.0,0.0,0.0026233973505441098,0.9954100000000012,0
1,map_12,32,16,0.1,-2.499999999999997,0.0,0.0,0.0006130168621893972,0.9855100000000033,0
2,map_12,32,16,0.1,-2.1000000000000005,0.0,0.0,8.021026504658428e-05,0.973810000000006,0
3,map_12,32,16,0.1,-2.399999999999998,0.0,0.0,0.00023301543405978008,0.9603100000000092,0
4,map_12,32,16,0.1,-3.099999999999993,0.0,0.0,0.0002848629395884927,0.9450100000000129,0
5,map_12,32,16,0.1,-3.0999999999999934,0.0,0.0,0.00037248237847961716,0.9279100000000162,0
6,map_12,32,16,0.1,-4.299999999999993,0.0,0.0,0.00014366187937081453,0.9090100000000212,0
7,map_12,32,16,0.1,-4.3999999999999915,0.0,0.0,0.0001606570514316748,0.8883100000000259,0
8,map_12,32,16,0.1,-3.199999999999991,0.0,0.0,0.0002619608167151455,0.8658100000000316,0
9,map_12,32,16,0.1,-4.699999999999993,0.0,0.0,0.0003132765235932311,0.8415100000000368,0
0,map_13,32,16,0.3,-1.2000000000000002,0.0,0.0,0.006008218256174587,0.9954100000000012,0
1,map_13,32,16,0.3,-2.8999999999999977,0.0,0.0,0.0015031075725952783,0.9855100000000033,0
2,map_13,32,16,0.3,-0.22,3.0,200.0,0.0011473214835859835,0.9799300000000046,1
3,map_13,32,16,0.3,-0.55,6.0,500.0,0.0011568977730348705,0.9793000000000047,1
4,map_13,32,16,0.3,-4.599999999999995,0.0,0.0,0.0003490100339857034,0.9707500000000069,0
5,map_13,32,16,0.3,-5.499999999999993,0.0,0.0,0.00019629464943136555,0.9536500000000112,0
6,map_13,32,16,0.3,0.0,1.0,0.0,0.0,0.0,1
7,map_13,32,16,0.3,-4.999999999999993,0.0,0.0,0.00021409541095636088,0.9338500000000154,0
8,map_13,32,16,0.3,-9.199999999999998,0.0,0.0,0.0002885859369528659,0.911350000000021,0
9,map_13,32,16,0.3,-8.199999999999996,0.0,0.0,0.0003420518314669607,0.8870500000000261,0
0,map_14,32,16,0.5,-2.799999999999998,0.0,0.0,0.0026677010883577167,0.9954100000000012,0
1,map_14,32,16,0.5,-1.03,14.0,1300.0,0.0014725464593189268,0.9897400000000024,1
2,map_14,32,16,0.5,-1.2300000000000002,7.0,600.0,0.0014116607131794668,0.9874000000000029,1
3,map_14,32,16,0.5,-1.2900000000000003,20.0,1900.0,0.0007256142516301846,0.9845200000000037,1
4,map_14,32,16,0.5,-6.900000000000002,0.0,0.0,0.00036140860538580455,0.9747100000000055,0
5,map_14,32,16,0.5,-2.3000000000000003,15.5,1450.0,0.0003829189236663903,0.9639100000000085,1
6,map_14,32,16,0.5,0.27,1.0,0.0,0.0006647363479714841,0.9609400000000091,1
7,map_14,32,16,0.5,-0.35,6.0,500.0,0.0008947885071393102,0.9602200000000094,1
8,map_14,32,16,0.5,-8.799999999999997,0.0,0.0,0.0002266956916383396,0.948070000000012,0
9,map_14,32,16,0.5,-0.61,6.0,500.0,0.0001162359608728862,0.935380000000015,1
0,map_15,32,16,0.7,-1.5800000000000005,9.5,850.0,0.0028682239054534067,0.9982900000000003,1
1,map_15,32,16,0.7,-0.22,3.0,200.0,0.0031347626354545355,0.9964900000000008,1
2,map_15,32,16,0.7,0.0,1.0,0.0,0.0,0.0,1
3,map_15,32,16,0.7,-0.22,3.0,200.0,0.0018831266788765788,0.9961300000000008,1
4,map_15,32,16,0.7,-0.33,4.0,300.0,0.0020298718009144068,0.995680000000001,1
5,map_15,32,16,0.7,-1.6200000000000006,11.5,1050.0,0.001486212261211635,0.9934300000000015,1
6,map_15,32,16,0.7,0.0,1.0,0.0,0.0,0.0,1
7,map_15,32,16,0.7,-3.0299999999999994,34.0,3300.0,0.0008343734891351426,0.9884800000000027,1
8,map_15,32,16,0.7,-0.11,2.0,100.0,0.00021551111422013491,0.9854200000000034,1
9,map_15,32,16,0.7,-0.24,5.0,400.0,0.00019426708240644075,0.9849700000000036,1
0,map_16,64,2,0.1,-0.6000000000000002,0.0,0.0,0.005374636504129739,0.9954100000000012,0
1,map_16,64,2,0.1,-1.9000000000000008,0.0,0.0,0.006841431939392351,0.9855100000000033,0
2,map_16,64,2,0.1,-0.5,0.0,0.0,0.0005975569558878696,0.973810000000006,0
3,map_16,64,2,0.1,-1.4000000000000008,0.0,0.0,0.0007433980575115128,0.9603100000000092,0
4,map_16,64,2,0.1,-1.800000000000001,0.0,0.0,0.0007973411335519308,0.9450100000000129,0
5,map_16,64,2,0.1,-2.799999999999993,0.0,0.0,0.0005037003051256761,0.9279100000000162,0
6,map_16,64,2,0.1,-0.6700000000000008,5.2727272727272725,427.27272727272725,0.0007019994750806833,0.91378000000002,1
7,map_16,64,2,0.1,-5.799999999999994,0.0,0.0,0.0005776789507460005,0.8978500000000244,0
8,map_16,64,2,0.1,-5.699999999999994,0.0,0.0,0.0005059669023746839,0.8753500000000294,0
9,map_16,64,2,0.1,-3.2099999999999933,10.181818181818182,918.1818181818181,0.0007417891618978181,0.8536600000000345,1
0,map_17,64,2,0.3,-3.099999999999998,0.0,0.0,0.004357479233294726,0.9954100000000012,0
1,map_17,64,2,0.3,-1.4000000000000006,0.0,0.0,0.001949766243827374,0.9855100000000033,0
2,map_17,64,2,0.3,-3.2999999999999945,0.0,0.0,0.00035482402277661355,0.973810000000006,0
3,map_17,64,2,0.3,-2.3,0.0,0.0,0.0002587296662568406,0.9603100000000092,0
4,map_17,64,2,0.3,-4.499999999999995,0.0,0.0,0.00023844188852106325,0.9450100000000129,0
5,map_17,64,2,0.3,-4.499999999999995,0.0,0.0,0.0002655569655325962,0.9279100000000162,0
6,map_17,64,2,0.3,-5.299999999999993,0.0,0.0,0.00031611321749303235,0.9090100000000212,0
7,map_17,64,2,0.3,-6.799999999999997,0.0,0.0,0.000341180435619511,0.8883100000000259,0
8,map_17,64,2,0.3,-5.899999999999994,0.0,0.0,0.00036108338306523643,0.8658100000000316,0
9,map_17,64,2,0.3,-5.399999999999993,0.0,0.0,0.00043396329019742554,0.8415100000000368,0
0,map_18,64,2,0.5,-3.5999999999999988,0.0,0.0,0.005278063102159649,0.9954100000000012,0
1,map_18,64,2,0.5,-3.799999999999996,0.0,0.0,0.0006176651647062196,0.9855100000000033,0
2,map_18,64,2,0.5,-3.599999999999995,0.0,0.0,0.00027718480289747407,0.973810000000006,0
3,map_18,64,2,0.5,-4.0999999999999925,0.0,0.0,0.00028814233774028254,0.9603100000000092,0
4,map_18,64,2,0.5,-4.799999999999997,0.0,0.0,0.00013376968949564293,0.9450100000000129,0
5,map_18,64,2,0.5,-6.099999999999998,0.0,0.0,0.00016892456653295085,0.9279100000000162,0
6,map_18,64,2,0.5,-5.6999999999999975,0.0,0.0,0.00016877691341505853,0.9090100000000212,0
7,map_18,64,2,0.5,-6.499999999999997,0.0,0.0,0.0001915441171756053,0.8883100000000259,0
8,map_18,64,2,0.5,-3.9499999999999935,12.285714285714286,1128.5714285714287,0.00023366719790775438,0.8698600000000308,1
9,map_18,64,2,0.5,-4.379999999999993,24.75,1550.0,0.0002564897794010384,0.8533900000000344,1
0,map_19,64,2,0.7,-1.5100000000000005,11.0,1000.0,0.0022270962252237255,0.9980200000000006,1
1,map_19,64,2,0.7,-1.1800000000000002,6.333333333333333,533.3333333333333,0.0018249651572356622,0.9945100000000013,1
2,map_19,64,2,0.7,-1.3500000000000003,8.666666666666666,766.6666666666667,0.0012275465647689997,0.9906400000000022,1
3,map_19,64,2,0.7,-0.01999999999999999,1.5,50.0,0.0008548942860215902,0.9882100000000027,1
4,map_19,64,2,0.7,-0.59,3.3333333333333335,233.33333333333334,0.0008253335124916501,0.987220000000003,1
5,map_19,64,2,0.7,-0.9,5.5,450.0,0.0009428753081010654,0.9855100000000034,1
6,map_19,64,2,0.7,-3.6899999999999964,20.0,1900.0,0.00042297924159418284,0.979300000000005,1
7,map_19,64,2,0.7,-1.7500000000000007,8.666666666666666,766.6666666666667,0.00030505532573442905,0.9717400000000066,1
8,map_19,64,2,0.7,-0.7100000000000001,7.333333333333333,633.3333333333333,0.00021514257882483348,0.9676000000000078,1
9,map_19,64,2,0.7,-0.85,5.333333333333333,433.3333333333333,0.0001791395086911507,0.9643600000000082,1
0,map_2,32,2,0.5,-4.099999999999997,0.0,0.0,0.0013175058114575221,0.9954100000000012,0
1,map_2,32,2,0.5,-1.3200000000000003,13.0,1200.0,0.0006104240601416677,0.9898300000000023,1
2,map_2,32,2,0.5,-1.6400000000000006,6.25,525.0,0.0004385074747309166,0.9865900000000032,1
3,map_2,32,2,0.5,-4.049999999999996,19.0,1800.0,0.0003226815090359499,0.977680000000006,1
4,map_2,32,2,0.5,-0.11,2.0,100.0,0.0003538332530297339,0.9708400000000068,1
5,map_2,32,2,0.5,-6.3999999999999995,0.0,0.0,0.00020899694980471394,0.9617500000000092,0
6,map_2,32,2,0.5,0.0,1.0,0.0,0.0,0.0,1
7,map_2,32,2,0.5,-8.600000000000001,0.0,0.0,9.70522887352369e-05,0.9419500000000135,0
8,map_2,32,2,0.5,-0.16999999999999998,2.0,100.0,7.770732086750545e-05,0.9305200000000163,1
9,map_2,32,2,0.5,-0.33,4.0,300.0,7.19267094003347e-05,0.9296200000000164,1
0,map_20,64,4,0.1,-1.900000000000001,0.0,0.0,0.002011151181650348,0.9954100000000012,0
1,map_20,64,4,0.1,-2.6999999999999993,0.0,0.0,0.00038095735538566563,0.9855100000000033,0
2,map_20,64,4,0.1,-2.599999999999997,0.0,0.0,0.00013893694423521602,0.973810000000006,0
3,map_20,64,4,0.1,-3.099999999999998,0.0,0.0,0.00017386649014952126,0.9603100000000092,0
4,map_20,64,4,0.1,-2.199999999999997,0.0,0.0,0.0004339627480779503,0.9450100000000129,0
5,map_20,64,4,0.1,-3.499999999999995,0.0,0.0,0.00029527444174163973,0.9279100000000162,0
6,map_20,64,4,0.1,-3.799999999999996,0.0,0.0,0.00017256642286983233,0.9090100000000212,0
7,map_20,64,4,0.1,-3.7999999999999887,0.0,0.0,0.0002262532404832503,0.8883100000000259,0
8,map_20,64,4,0.1,-3.0999999999999934,0.0,0.0,0.0002845803054067521,0.8658100000000316,0
9,map_20,64,4,0.1,-4.899999999999988,0.0,0.0,0.00020238004817656473,0.8415100000000368,0
0,map_21,64,4,0.3,-2.4,0.0,0.0,0.001845489131519571,0.9954100000000012,0
1,map_21,64,4,0.3,-2.2,0.0,0.0,0.0006266506725902825,0.9855100000000033,0
2,map_21,64,4,0.3,-3.4999999999999947,0.0,0.0,0.000189576133457844,0.973810000000006,0
3,map_21,64,4,0.3,-4.299999999999995,0.0,0.0,0.00022283776215772377,0.9603100000000092,0
4,map_21,64,4,0.3,-4.799999999999995,0.0,0.0,0.00020606683736130234,0.9450100000000129,0
5,map_21,64,4,0.3,-5.399999999999995,0.0,0.0,0.00016291443425870967,0.9279100000000162,0
6,map_21,64,4,0.3,-5.799999999999996,0.0,0.0,0.00019405220657724633,0.9090100000000212,0
7,map_21,64,4,0.3,-5.199999999999997,0.0,0.0,0.0002468487845059523,0.8883100000000259,0
8,map_21,64,4,0.3,-6.2999999999999945,0.0,0.0,0.00018629367086060275,0.8658100000000316,0
9,map_21,64,4,0.3,-5.799999999999991,0.0,0.0,0.00019882434545641963,0.8415100000000368,0
0,map_22,64,4,0.5,-2.9999999999999973,0.0,0.0,0.004198333739768714,0.9954100000000012,0
1,map_22,64,4,0.5,-3.0999999999999974,0.0,0.0,0.00038816400192445146,0.9855100000000033,0
2,map_22,64,4,0.5,-4.499999999999998,0.0,0.0,0.00017692534337194438,0.973810000000006,0
3,map_22,64,4,0.5,-4.4999999999999964,0.0,0.0,0.0001910888383463316,0.9603100000000092,0
4,map_22,64,4,0.5,-6.000000000000001,0.0,0.0,0.0001815856184596972,0.9450100000000129,0
5,map_22,64,4,0.5,-6.300000000000001,0.0,0.0,0.0001350382973032538,0.9279100000000162,0
6,map_22,64,4,0.5,-5.9999999999999964,0.0,0.0,0.00017411879360390066,0.9090100000000212,0
7,map_22,64,4,0.5,-6.199999999999994,0.0,0.0,0.00028517628112846675,0.8883100000000259,0
8,map_22,64,4,0.5,-7.1,0.0,0.0,0.00017859736074639772,0.8658100000000316,0
9,map_22,64,4,0.5,-3.9699999999999944,12.571428571428571,1157.142857142857,0.00023898482230698005,0.8462800000000358,1
0,map_23,64,4,0.7,-0.27999999999999997,3.0,200.0,0.01328298874432221,0.9991900000000001,1
1,map_23,64,4,0.7,-0.41,4.0,300.0,0.005689163692295551,0.9974800000000006,1
2,map_23,64,4,0.7,-4.899999999999999,0.0,0.0,0.001251961239488862,0.9901900000000025,0
3,map_23,64,4,0.7,-0.24,5.0,400.0,0.0006926399655640125,0.9835300000000039,1
4,map_23,64,4,0.7,-0.35,3.0,200.0,0.000775989075191319,0.982720000000004,1
5,map_23,64,4,0.7,-0.35,3.0,200.0,0.0005478261911775917,0.9818200000000044,1
6,map_23,64,4,0.7,-2.29,13.333333333333334,1233.3333333333335,0.0005155490630736145,0.9778600000000052,1
7,map_23,64,4,0.7,-1.0,7.0,600.0,0.00032390420092269777,0.9725500000000062,1
8,map_23,64,4,0.7,-0.7,11.0,1000.0,0.0003178701954311691,0.969850000000007,1
9,map_23,64,4,0.7,-3.0299999999999994,17.0,1600.0,0.00019475759847520032,0.9659800000000079,1
0,map_24,64,8,0.1,-2.3,0.0,0.0,0.0020191494996106485,0.9954100000000012,0
1,map_24,64,8,0.1,-2.399999999999999,0.0,0.0,0.000600131148530636,0.9855100000000033,0
2,map_24,64,8,0.1,-2.299999999999999,0.0,0.0,0.0001637241847804814,0.973810000000006,0
3,map_24,64,8,0.1,-2.3999999999999972,0.0,0.0,6.507765510832542e-05,0.9603100000000092,0
4,map_24,64,8,0.1,-3.099999999999992,0.0,0.0,0.00011359559258481669,0.9450100000000129,0
5,map_24,64,8,0.1,-3.5999999999999943,0.0,0.0,0.000221454022321268,0.9279100000000162,0
6,map_24,64,8,0.1,-3.599999999999994,0.0,0.0,0.00020039612129701048,0.9090100000000212,0
7,map_24,64,8,0.1,-2.799999999999995,0.0,0.0,0.000346298239492171,0.8883100000000259,0
8,map_24,64,8,0.1,-4.199999999999991,0.0,0.0,0.00016779044965985052,0.8658100000000316,0
9,map_24,64,8,0.1,-4.399999999999984,0.0,0.0,0.00014736878856638213,0.8415100000000368,0
0,map_25,64,8,0.3,-2.2999999999999994,0.0,0.0,0.0019746248833325806,0.9954100000000012,0
1,map_25,64,8,0.3,-1.6000000000000005,0.0,0.0,0.0010724016353681994,0.9855100000000033,0
2,map_25,64,8,0.3,-2.7999999999999985,0.0,0.0,0.00043142029462615026,0.973810000000006,0
3,map_25,64,8,0.3,-3.499999999999996,0.0,0.0,0.0002499228429769573,0.9603100000000092,0
4,map_25,64,8,0.3,-4.999999999999996,0.0,0.0,0.0002652887311544166,0.9450100000000129,0
5,map_25,64,8,0.3,-4.799999999999993,0.0,0.0,0.00020858224146650173,0.9279100000000162,0
6,map_25,64,8,0.3,-5.599999999999995,0.0,0.0,0.0002646145230259704,0.9090100000000212,0
7,map_25,64,8,0.3,-5.299999999999993,0.0,0.0,0.0005161946415682906,0.8883100000000259,0
8,map_25,64,8,0.3,-4.49999999999999,0.0,0.0,0.00039800141418639285,0.8658100000000316,0
9,map_25,64,8,0.3,-4.999999999999991,0.0,0.0,0.00034562177430156487,0.8415100000000368,0
0,map_26,64,8,0.5,-3.299999999999999,0.0,0.0,0.0025129980710335074,0.9954100000000012,0
1,map_26,64,8,0.5,-3.699999999999998,0.0,0.0,0.0006339033706656967,0.9855100000000033,0
2,map_26,64,8,0.5,-3.339999999999998,7.857142857142857,685.7142857142857,0.00028859399255317704,0.9752500000000057,1
3,map_26,64,8,0.5,-3.7999999999999963,0.0,0.0,0.0002405355966402567,0.9631900000000091,0
4,map_26,64,8,0.5,-4.7999999999999945,0.0,0.0,0.00025405188328780546,0.9478900000000123,0
5,map_26,64,8,0.5,-5.799999999999996,0.0,0.0,0.00035576530266553165,0.9307900000000167,0
6,map_26,64,8,0.5,-4.7099999999999955,14.571428571428571,1357.142857142857,0.0003230870100709905,0.9127000000000197,1
7,map_26,64,8,0.5,-5.199999999999992,0.0,0.0,0.0003143668630097333,0.8928100000000249,0
8,map_26,64,8,0.5,-7.799999999999999,0.0,0.0,0.00036938604937929013,0.87031000000003,0
9,map_26,64,8,0.5,-6.499999999999996,0.0,0.0,0.0003590015071884929,0.8460100000000359,0
0,map_27,64,8,0.7,-0.13,4.0,300.0,0.0005724192063401764,0.99964,1
1,map_27,64,8,0.7,-0.11,2.0,100.0,0.0002353930613026023,0.9992800000000002,1
2,map_27,64,8,0.7,-0.99,10.0,900.0,0.0014691072671363752,0.9983800000000004,1
3,map_27,64,8,0.7,-0.71,7.333333333333333,633.3333333333333,0.002055717435377162,0.9956800000000008,1
4,map_27,64,8,0.7,-0.52,4.333333333333333,333.33333333333337,0.001581228745635599,0.9927100000000016,1
5,map_27,64,8,0.7,-2.3400000000000003,11.666666666666666,1066.6666666666665,0.001488854769644711,0.9885700000000026,1
6,map_27,64,8,0.7,-0.11,2.0,100.0,0.002063398715108633,0.9854200000000034,1
7,map_27,64,8,0.7,-0.6799999999999999,9.0,800.0,0.0019347814959473908,0.9846100000000036,1
8,map_27,64,8,0.7,-0.45999999999999996,3.5,250.0,0.0014390948927029967,0.983350000000004,1
9,map_27,64,8,0.7,-0.04,5.0,400.0,0.0018225950771011412,0.982450000000004,1
0,map_28,64,16,0.1,-1.7000000000000006,0.0,0.0,0.0106541847292101,0.9954100000000012,0
1,map_28,64,16,0.1,-2.2999999999999985,0.0,0.0,0.0006461367433075793,0.9855100000000033,0
2,map_28,64,16,0.1,-2.1000000000000005,0.0,0.0,0.00027387446066963353,0.973810000000006,0
3,map_28,64,16,0.1,-3.2999999999999954,0.0,0.0,0.00019204686250304804,0.9603100000000092,0
4,map_28,64,16,0.1,-2.199999999999998,0.0,0.0,0.0008483610046419522,0.9450100000000129,0
5,map_28,64,16,0.1,-3.199999999999992,0.0,0.0,0.0003619305989559507,0.9279100000000162,0
6,map_28,64,16,0.1,-3.7999999999999936,0.0,0.0,0.0003781749575203073,0.9090100000000212,0
7,map_28,64,16,0.1,-3.5999999999999903,0.0,0.0,0.00032376635511658,0.8883100000000259,0
8,map_28,64,16,0.1,-4.899999999999987,0.0,0.0,0.00039573232184361235,0.8658100000000316,0
9,map_28,64,16,0.1,-4.999999999999988,0.0,0.0,0.0004569697596057917,0.8415100000000368,0
0,map_29,64,16,0.3,-2.099999999999999,0.0,0.0,0.0011916948034951247,0.9954100000000012,0
1,map_29,64,16,0.3,-2.100000000000001,0.0,0.0,0.0006809238021863469,0.9855100000000033,0
2,map_29,64,16,0.3,-4.399999999999996,0.0,0.0,0.00024345789684697853,0.973810000000006,0
3,map_29,64,16,0.3,-3.5999999999999934,0.0,0.0,0.0003276157231994148,0.9603100000000092,0
4,map_29,64,16,0.3,-3.5999999999999934,0.0,0.0,0.0002131161306654879,0.9450100000000129,0
5,map_29,64,16,0.3,-4.499999999999994,0.0,0.0,0.00017677365278359502,0.9279100000000162,0
6,map_29,64,16,0.3,-3.4999999999999942,0.0,0.0,0.0002136247306969546,0.9090100000000212,0
7,map_29,64,16,0.3,-4.8999999999999915,0.0,0.0,0.00017873311056367433,0.8883100000000259,0
8,map_29,64,16,0.3,-5.1999999999999895,0.0,0.0,0.00013956638635695875,0.8658100000000316,0
9,map_29,64,16,0.3,-5.599999999999996,0.0,0.0,0.00021018416986667683,0.8415100000000368,0
0,map_3,32,2,0.7,-0.11,2.0,100.0,0.013691071420907974,0.99982,1
1,map_3,32,2,0.7,-4.199999999999997,0.0,0.0,0.004200704011842997,0.9943300000000015,0
2,map_3,32,2,0.7,-5.199999999999999,0.0,0.0,0.0005084789981732943,0.9826300000000042,0
3,map_3,32,2,0.7,-1.4300000000000004,14.0,1300.0,0.0002647769903817859,0.9751600000000059,1
4,map_3,32,2,0.7,-0.44,5.0,400.0,0.0002869270174414851,0.9736300000000061,1
5,map_3,32,2,0.7,-7.400000000000003,0.0,0.0,0.00016200979647692292,0.9642700000000084,0
6,map_3,32,2,0.7,-0.11,2.0,100.0,7.301258301595226e-05,0.9551800000000105,1
7,map_3,32,2,0.7,-8.4,0.0,0.0,9.360797145442726e-05,0.9442900000000133,0
8,map_3,32,2,0.7,0.0,1.0,0.0,0.0,0.0,1
9,map_3,32,2,0.7,0.0,1.0,0.0,0.0,0.0,1
0,map_30,64,16,0.5,-2.999999999999999,0.0,0.0,0.0015988711497254826,0.9954100000000012,0
1,map_30,64,16,0.5,-3.2999999999999976,0.0,0.0,0.0006746071487820397,0.9855100000000033,0
2,map_30,64,16,0.5,-0.71,7.333333333333333,633.3333333333333,0.000495722958779273,0.9782200000000049,1
3,map_30,64,16,0.5,-3.239999999999998,16.25,1525.0,0.0002678052624105476,0.9705700000000069,1
4,map_30,64,16,0.5,0.09000000000000001,1.0,0.0,0.0005699687171727419,0.9647200000000082,1
5,map_30,64,16,0.5,-6.8,0.0,0.0,0.00025654277502326297,0.9556300000000104,0
6,map_30,64,16,0.5,-5.599999999999997,0.0,0.0,0.00015447987137701024,0.9367300000000148,0
7,map_30,64,16,0.5,-3.1899999999999973,17.5,1650.0,0.00015297481023362312,0.9206200000000186,1
8,map_30,64,16,0.5,-8.2,0.0,0.0,0.00015015093662301435,0.9027100000000227,0
9,map_30,64,16,0.5,-0.9500000000000001,6.5,550.0,0.00011528680915944279,0.8887600000000262,1
0,map_31,64,16,0.7,0.0,1.0,0.0,0.0,0.0,1
1,map_31,64,16,0.7,-5.700000000000002,0.0,0.0,0.0009327220024109314,0.9945100000000016,0
2,map_31,64,16,0.7,-1.6700000000000006,18.0,1700.0,0.00034319319777697437,0.9875800000000029,1
3,map_31,64,16,0.7,-1.3200000000000003,8.25,450.0,0.0005073503089079168,0.9831700000000038,1
4,map_31,64,16,0.7,-4.349999999999997,33.0,3200.0,0.0002710556031580871,0.9744400000000059,1
5,map_31,64,16,0.7,-0.13,4.0,300.0,0.00019083647445465127,0.9683200000000074,1
6,map_31,64,16,0.7,-1.2500000000000002,8.0,700.0,0.0003391923033632338,0.9667000000000078,1
7,map_31,64,16,0.7,-3.459999999999998,47.0,4600.0,0.0001903918613527861,0.9612100000000092,1
8,map_31,64,16,0.7,-0.28,4.5,350.0,0.00017266932809434365,0.9563500000000102,1
9,map_31,64,16,0.7,0.0,1.0,0.0,0.0,0.0,1
0,map_32,96,2,0.1,-1.900000000000001,0.0,0.0,0.001655009224487003,0.9954100000000012,0
1,map_32,96,2,0.1,-2.2000000000000006,0.0,0.0,0.00021846257274470797,0.9855100000000033,0
2,map_32,96,2,0.1,-3.1999999999999953,0.0,0.0,0.0002225181687078605,0.973810000000006,0
3,map_32,96,2,0.1,-2.5999999999999974,0.0,0.0,0.00021090993386678746,0.9603100000000092,0
4,map_32,96,2,0.1,-3.4999999999999933,0.0,0.0,0.00011812548210501618,0.9450100000000129,0
5,map_32,96,2,0.1,-3.5999999999999917,0.0,0.0,0.00010417974088340998,0.9279100000000162,0
6,map_32,96,2,0.1,-3.499999999999994,0.0,0.0,0.00017769786073503464,0.9090100000000212,0
7,map_32,96,2,0.1,-3.9999999999999893,0.0,0.0,0.00012126244776785218,0.8883100000000259,0
8,map_32,96,2,0.1,-4.199999999999994,0.0,0.0,0.00014167483325134246,0.8658100000000316,0
9,map_32,96,2,0.1,-3.3999999999999924,0.0,0.0,0.00018895652117082915,0.8415100000000368,0
0,map_33,96,2,0.3,-1.7000000000000008,0.0,0.0,0.0077589840767905115,0.9954100000000012,0
1,map_33,96,2,0.3,-3.0999999999999974,0.0,0.0,0.0009093645094253588,0.9855100000000033,0
2,map_33,96,2,0.3,-4.599999999999998,0.0,0.0,0.00030262033687904476,0.973810000000006,0
3,map_33,96,2,0.3,-3.899999999999996,0.0,0.0,0.00028275351014599436,0.9603100000000092,0
4,map_33,96,2,0.3,-4.299999999999995,0.0,0.0,0.0002319401578764276,0.9450100000000129,0
5,map_33,96,2,0.3,-5.499999999999996,0.0,0.0,0.0002683523890300421,0.9279100000000162,0
6,map_33,96,2,0.3,-4.49999999999999,0.0,0.0,0.0002625904162414372,0.9090100000000212,0
7,map_33,96,2,0.3,-6.199999999999998,0.0,0.0,0.0003437754938204307,0.8883100000000259,0
8,map_33,96,2,0.3,-5.9999999999999964,0.0,0.0,0.00027983859673930475,0.8658100000000316,0
9,map_33,96,2,0.3,-5.399999999999989,0.0,0.0,0.00039502041295885905,0.8415100000000368,0
0,map_34,96,2,0.5,-2.3,0.0,0.0,0.0028321551124099644,0.9954100000000012,0
1,map_34,96,2,0.5,0.0,1.0,0.0,0.0,0.0,1
2,map_34,96,2,0.5,-4.199999999999996,0.0,0.0,0.0011181169684277847,0.9846100000000038,0
3,map_34,96,2,0.5,-0.66,7.0,600.0,0.00036456063389778137,0.977770000000005,1
4,map_34,96,2,0.5,-4.499999999999996,0.0,0.0,0.00039541534659090553,0.9691300000000082,0
5,map_34,96,2,0.5,-4.199999999999994,0.0,0.0,0.00027316597050230484,0.9520300000000109,0
6,map_34,96,2,0.5,-0.33,4.0,300.0,0.00016590663290116936,0.9427600000000133,1
7,map_34,96,2,0.5,-0.88,9.0,800.0,0.00018739245206234045,0.9417700000000137,1
8,map_34,96,2,0.5,-7.17,14.222222222222221,1322.2222222222222,0.00019773347760453512,0.9296200000000162,1
9,map_34,96,2,0.5,0.0,1.0,0.0,0.0,0.0,1
0,map_35,96,2,0.7,0.18000000000000002,1.0,0.0,0.07410534843802452,0.99973,1
1,map_35,96,2,0.7,-5.600000000000002,0.0,0.0,0.005980329850475149,0.9941500000000014,0
2,map_35,96,2,0.7,-4.1699999999999955,22.666666666666668,2166.666666666667,0.000622501455198751,0.982720000000004,1
3,map_35,96,2,0.7,-3.689999999999998,20.0,1900.0,0.0005313103932003754,0.9731800000000066,1
4,map_35,96,2,0.7,-2.849999999999999,18.0,1700.0,0.00034069250437564083,0.966520000000008,1
5,map_35,96,2,0.7,-1.1400000000000001,7.5,650.0,0.00022176312112216174,0.9621100000000089,1
6,map_35,96,2,0.7,-1.01,6.0,500.0,0.00022223814713387665,0.9598600000000096,1
7,map_35,96,2,0.7,-3.189999999999998,16.666666666666668,1566.6666666666665,0.0002221781006130409,0.9544600000000107,1
8,map_35,96,2,0.7,-4.179999999999997,19.666666666666668,1866.6666666666667,0.0001506437304763902,0.944830000000013,1
9,map_35,96,2,0.7,-0.35,3.0,200.0,0.0001299630806897767,0.9391600000000142,1
0,map_36,96,4,0.1,-1.6000000000000005,0.0,0.0,0.005082534931134432,0.9954100000000012,0
1,map_36,96,4,0.1,-1.4000000000000006,0.0,0.0,0.0006073289269503827,0.9855100000000033,0
2,map_36,96,4,0.1,-3.199999999999995,0.0,0.0,0.0002515551253704221,0.973810000000006,0
3,map_36,96,4,0.1,-2.1,0.0,0.0,6.750959203145612e-05,0.9603100000000092,0
4,map_36,96,4,0.1,-2.799999999999997,0.0,0.0,7.22488081616272e-05,0.9450100000000129,0
5,map_36,96,4,0.1,-3.3999999999999932,0.0,0.0,5.6977331296366175e-05,0.9279100000000162,0
6,map_36,96,4,0.1,-3.0999999999999925,0.0,0.0,9.782130433780945e-05,0.9090100000000212,0
7,map_36,96,4,0.1,-2.899999999999995,0.0,0.0,0.00012415064625201922,0.8883100000000259,0
8,map_36,96,4,0.1,-3.799999999999987,0.0,0.0,7.548443069166611e-05,0.8658100000000316,0
9,map_36,96,4,0.1,-3.0999999999999934,0.0,0.0,0.00014877878846683806,0.8415100000000368,0
0,map_37,96,4,0.3,-2.100000000000001,0.0,0.0,0.002482995035825297,0.9954100000000012,0
1,map_37,96,4,0.3,-2.0000000000000013,0.0,0.0,0.001163857177986453,0.9855100000000033,0
2,map_37,96,4,0.3,-3.099999999999997,0.0,0.0,0.0003895580639696813,0.973810000000006,0
3,map_37,96,4,0.3,-2.6999999999999966,0.0,0.0,0.0002484685183844704,0.9603100000000092,0
4,map_37,96,4,0.3,-4.799999999999995,0.0,0.0,0.00015819097910328613,0.9450100000000129,0
5,map_37,96,4,0.3,-4.7999999999999945,0.0,0.0,0.0002860946642613271,0.9279100000000162,0
6,map_37,96,4,0.3,-4.799999999999995,0.0,0.0,0.000241735620577608,0.9090100000000212,0
7,map_37,96,4,0.3,-5.599999999999994,0.0,0.0,0.00027480789928328403,0.8883100000000259,0
8,map_37,96,4,0.3,-5.899999999999992,0.0,0.0,0.0001849123739632957,0.8658100000000316,0
9,map_37,96,4,0.3,-5.599999999999991,0.0,0.0,0.0002823792429158597,0.8415100000000368,0
0,map_38,96,4,0.5,-2.899999999999999,0.0,0.0,0.001440347856041626,0.9954100000000012,0
1,map_38,96,4,0.5,-3.6999999999999957,0.0,0.0,0.0005114943463316498,0.9855100000000033,0
2,map_38,96,4,0.5,-0.22,3.0,200.0,0.0003143551293760538,0.9799300000000046,1
3,map_38,96,4,0.5,-1.800000000000001,4.555555555555555,355.55555555555554,0.0003950633195927367,0.9761500000000055,1
4,map_38,96,4,0.5,-3.2099999999999995,10.4,642.8571428571429,0.0003746380574667972,0.9679600000000073,1
5,map_38,96,4,0.5,-4.319999999999997,14.6,942.8571428571429,0.0001469735823573299,0.9568900000000097,1
6,map_38,96,4,0.5,-2.8399999999999963,9.444444444444445,844.4444444444445,0.00018209496409413295,0.942850000000013,1
7,map_38,96,4,0.5,-3.419999999999995,9.222222222222221,822.2222222222222,0.00017540056007153286,0.9279100000000166,1
8,map_38,96,4,0.5,-0.66,7.0,600.0,0.00018178296159021556,0.9199900000000188,1
9,map_38,96,4,0.5,0.0,1.0,0.0,0.0,0.0,1
0,map_39,96,4,0.7,-2.4600000000000004,15.666666666666666,840.0,0.004383612052112332,0.9957700000000014,1
1,map_39,96,4,0.7,-0.61,4.0,300.0,0.0012026199626482346,0.9906400000000022,1
2,map_39,96,4,0.7,-3.2999999999999967,0.0,0.0,0.000720231411729141,0.9833500000000037,0
3,map_39,96,4,0.7,-2.929999999999997,21.333333333333332,2033.3333333333333,0.00019016747590660724,0.9713800000000071,1
4,map_39,96,4,0.7,-1.3600000000000003,8.5,750.0,0.00038992567169771064,0.9642700000000083,1
5,map_39,96,4,0.7,-3.0899999999999994,13.333333333333334,1233.3333333333335,0.000333125903405464,0.9593200000000089,1
6,map_39,96,4,0.7,-4.449999999999996,25.333333333333332,1420.0,0.000187260071397759,0.9490600000000112,1
7,map_39,96,4,0.7,-1.8700000000000008,12.666666666666666,660.0,0.0002522852934104063,0.9389800000000145,1
8,map_39,96,4,0.7,-0.37,4.0,300.0,0.0001660319508768485,0.9350200000000152,1
9,map_39,96,4,0.7,-3.3599999999999977,19.0,1040.0,0.000145965932785787,0.9293500000000164,1
0,map_4,32,4,0.1,-1.5000000000000004,0.0,0.0,0.0017735631347750313,0.9954100000000012,0
1,map_4,32,4,0.1,-4.099999999999996,0.0,0.0,0.00034405264353457217,0.9855100000000033,0
2,map_4,32,4,0.1,-1.7000000000000008,0.0,0.0,0.000587774358635735,0.973810000000006,0
3,map_4,32,4,0.1,-3.0999999999999948,0.0,0.0,0.00019142648147862928,0.9603100000000092,0
4,map_4,32,4,0.1,-2.199999999999998,0.0,0.0,0.00015026770714838576,0.9450100000000129,0
5,map_4,32,4,0.1,-2.599999999999996,0.0,0.0,9.396366225701058e-05,0.9279100000000162,0
6,map_4,32,4,0.1,-4.399999999999994,0.0,0.0,0.00015573636192129926,0.9090100000000212,0
7,map_4,32,4,0.1,-2.8999999999999897,0.0,0.0,0.00033948860606566693,0.8883100000000259,0
8,map_4,32,4,0.1,-3.1999999999999953,0.0,0.0,0.000249131626948768,0.8658100000000316,0
9,map_4,32,4,0.1,-2.699999999999994,0.0,0.0,0.0004292522243174192,0.8415100000000368,0
0,map_40,96,8,0.1,-1.800000000000001,0.0,0.0,0.0009338375268032451,0.9954100000000012,0
1,map_40,96,8,0.1,-1.7000000000000006,0.0,0.0,0.00012909588202395146,0.9855100000000033,0
2,map_40,96,8,0.1,-1.4000000000000006,0.0,0.0,0.00017803869912833242,0.973810000000006,0
3,map_40,96,8,0.1,-2.4999999999999947,0.0,0.0,9.996046851483698e-05,0.9603100000000092,0
4,map_40,96,8,0.1,-3.399999999999996,0.0,0.0,0.00010407924112061866,0.9450100000000129,0
5,map_40,96,8,0.1,-2.5999999999999983,0.0,0.0,8.168657483111019e-05,0.9279100000000162,0
6,map_40,96,8,0.1,-4.799999999999995,0.0,0.0,0.00010356020681104961,0.9090100000000212,0
7,map_40,96,8,0.1,-3.3999999999999893,0.0,0.0,0.00010596096735753236,0.8883100000000259,0
8,map_40,96,8,0.1,-3.59999999999999,0.0,0.0,9.865097952290223e-05,0.8658100000000316,0
9,map_40,96,8,0.1,-3.6999999999999895,0.0,0.0,0.00010264175695868159,0.8415100000000368,0
0,map_41,96,8,0.3,-2.3000000000000003,0.0,0.0,0.003151869821595028,0.9954100000000012,0
1,map_41,96,8,0.3,-2.6999999999999993,0.0,0.0,0.0015091040135303047,0.9855100000000033,0
2,map_41,96,8,0.3,-2.5999999999999974,0.0,0.0,0.00040124742933715294,0.973810000000006,0
3,map_41,96,8,0.3,-2.999999999999997,0.0,0.0,0.0002774359400973481,0.9603100000000092,0
4,map_41,96,8,0.3,-3.599999999999996,0.0,0.0,0.0003897241704786817,0.9450100000000129,0
5,map_41,96,8,0.3,-3.3999999999999932,0.0,0.0,0.00016539602169359568,0.9279100000000162,0
6,map_41,96,8,0.3,-4.599999999999993,0.0,0.0,0.0001991340443716829,0.9090100000000212,0
7,map_41,96,8,0.3,-4.0999999999999925,0.0,0.0,0.0003822608011735914,0.8883100000000259,0
8,map_41,96,8,0.3,-3.199999999999993,0.0,0.0,0.0002645271284004244,0.8658100000000316,0
9,map_41,96,8,0.3,-5.799999999999992,0.0,0.0,0.0002517177021737942,0.8415100000000368,0
0,map_42,96,8,0.5,-2.3,0.0,0.0,0.001332414502685424,0.9954100000000012,0
1,map_42,96,8,0.5,-3.999999999999996,0.0,0.0,0.0008919068482403721,0.9855100000000033,0
2,map_42,96,8,0.5,-4.999999999999997,0.0,0.0,0.00018283709562508322,0.973810000000006,0
3,map_42,96,8,0.5,-0.14999999999999997,2.0,100.0,0.0003564110025763512,0.9670600000000077,1
4,map_42,96,8,0.5,-0.33,4.0,300.0,0.0002391030138824135,0.9663400000000079,1
5,map_42,96,8,0.5,-5.4999999999999964,0.0,0.0,0.00022374403873982374,0.9570700000000099,0
6,map_42,96,8,0.5,-4.849999999999998,22.0,2100.0,0.00015298451051841346,0.9422200000000134,1
7,map_42,96,8,0.5,-7.100000000000003,0.0,0.0,0.0001712627805621499,0.9255700000000174,0
8,map_42,96,8,0.5,-6.499999999999998,0.0,0.0,0.00019270717342666243,0.9030700000000226,0
9,map_42,96,8,0.5,0.0,1.0,0.0,0.0,0.0,1
0,map_43,96,8,0.7,0.0,1.0,0.0,0.0,0.0,1
1,map_43,96,8,0.7,-4.199999999999996,0.0,0.0,0.0038508477834208557,0.9945100000000016,0
2,map_43,96,8,0.7,-0.7200000000000002,3.8333333333333335,283.33333333333337,0.0011137957811694253,0.9871300000000031,1
3,map_43,96,8,0.7,-6.4,0.0,0.0,0.0005032738660702308,0.9779500000000059,0
4,map_43,96,8,0.7,-3.0399999999999965,10.833333333333334,983.3333333333334,0.0001886315657202431,0.964990000000008,1
5,map_43,96,8,0.7,-2.37,14.0,1300.0,0.0002975126799019226,0.95680000000001,1
6,map_43,96,8,0.7,-0.5700000000000001,4.0,300.0,0.00029600361137584386,0.9537400000000107,1
7,map_43,96,8,0.7,-3.1099999999999985,42.0,4100.0,0.00025369749239804903,0.9494200000000118,1
8,map_43,96,8,0.7,-1.1500000000000004,6.5,550.0,0.0002841649518813938,0.943480000000013,1
9,map_43,96,8,0.7,-0.01999999999999999,1.5,50.0,0.00037328217877075076,0.9410500000000137,1
0,map_44,96,16,0.1,-1.5000000000000004,0.0,0.0,0.0027981593646109106,0.9954100000000012,0
1,map_44,96,16,0.1,-1.5000000000000004,0.0,0.0,0.0005860063660899566,0.9855100000000033,0
2,map_44,96,16,0.1,-2.2,0.0,0.0,0.00018550623743586973,0.973810000000006,0
3,map_44,96,16,0.1,-2.999999999999998,0.0,0.0,0.0005124860620981053,0.9603100000000092,0
4,map_44,96,16,0.1,-3.5999999999999948,0.0,0.0,0.0004488796491285838,0.9450100000000129,0
5,map_44,96,16,0.1,-3.299999999999994,0.0,0.0,0.0002570206250675255,0.9279100000000162,0
6,map_44,96,16,0.1,-4.19999999999999,0.0,0.0,0.0003678535816354931,0.9090100000000212,0
7,map_44,96,16,0.1,-3.3999999999999932,0.0,0.0,0.0002683597467087869,0.8883100000000259,0
8,map_44,96,16,0.1,-4.299999999999987,0.0,0.0,0.00020245079929456832,0.8658100000000316,0
9,map_44,96,16,0.1,-4.899999999999989,0.0,0.0,0.0001981600966246333,0.8415100000000368,0
0,map_45,96,16,0.3,-2.899999999999998,0.0,0.0,0.003019155057845637,0.9954100000000012,0
1,map_45,96,16,0.3,-3.1999999999999975,0.0,0.0,0.0007966381822673914,0.9855100000000033,0
2,map_45,96,16,0.3,-3.0999999999999965,0.0,0.0,0.0002857200432377535,0.973810000000006,0
3,map_45,96,16,0.3,-3.9999999999999933,0.0,0.0,0.0003019946813765273,0.9603100000000092,0
4,map_45,96,16,0.3,-4.499999999999994,0.0,0.0,0.00015906820950072466,0.9450100000000129,0
5,map_45,96,16,0.3,-4.499999999999992,0.0,0.0,0.00015191253860393771,0.9279100000000162,0
6,map_45,96,16,0.3,-6.1999999999999975,0.0,0.0,0.00020161298204832498,0.9090100000000212,0
7,map_45,96,16,0.3,-5.39999999999999,0.0,0.0,0.00013880603513219587,0.8883100000000259,0
8,map_45,96,16,0.3,-2.599999999999997,0.0,0.0,0.0002893168112048163,0.8658100000000316,0
9,map_45,96,16,0.3,-6.0999999999999925,0.0,0.0,0.00020699221555072915,0.8415100000000368,0
0,map_46,96,16,0.5,-2.2999999999999994,0.0,0.0,0.008968976228497922,0.9954100000000012,0
1,map_46,96,16,0.5,0.0,1.0,0.0,0.0,0.0,1
2,map_46,96,16,0.5,-0.01999999999999999,1.5,50.0,0.0030839041573926806,0.9907300000000021,1
3,map_46,96,16,0.5,-1.05,8.0,700.0,0.00228222762234509,0.9892000000000025,1
4,map_46,96,16,0.5,-4.999999999999995,0.0,0.0,0.0005065723967466814,0.9797500000000046,0
5,map_46,96,16,0.5,-0.8999999999999999,11.0,1000.0,0.00020447734859772027,0.9707500000000067,1
6,map_46,96,16,0.5,-1.6200000000000006,23.0,2200.0,0.00011483296789678703,0.9678700000000074,1
7,map_46,96,16,0.5,-4.679999999999998,9.88888888888889,888.8888888888889,0.0003228779562711927,0.9579700000000092,1
8,map_46,96,16,0.5,-8.1,0.0,0.0,0.00021621618389662428,0.9383500000000141,0
9,map_46,96,16,0.5,-6.899999999999994,0.0,0.0,0.00019390105883628297,0.9140500000000201,0
0,map_47,96,16,0.7,-2.2,0.0,0.0,0.005675690602511167,0.9954100000000012,0
1,map_47,96,16,0.7,-1.01,6.0,500.0,0.0024862375893545422,0.9899200000000022,1
2,map_47,96,16,0.7,-5.199999999999998,0.0,0.0,0.0011195611433192556,0.9826300000000042,0
3,map_47,96,16,0.7,-5.6000000000000005,0.0,0.0,0.00025085295555982157,0.9691300000000078,0
4,map_47,96,16,0.7,-1.1400000000000001,7.5,650.0,0.00018081510435357423,0.9606700000000092,1
5,map_47,96,16,0.7,-0.11,2.0,100.0,0.00014545072917826474,0.9593200000000095,1
6,map_47,96,16,0.7,-5.009999999999996,23.0,2200.0,0.00017026434507787708,0.9510400000000108,1
7,map_47,96,16,0.7,-3.7799999999999963,14.75,1375.0,0.00020884729496299708,0.9376300000000147,1
8,map_47,96,16,0.7,0.0,1.0,0.0,0.0,0.0,1
9,map_47,96,16,0.7,-6.9700000000000015,27.0,2600.0,0.0001813350549314789,0.9227800000000184,1
0,map_48,128,2,0.1,-1.800000000000001,0.0,0.0,0.007312731259444263,0.9954100000000012,0
1,map_48,128,2,0.1,-2.399999999999999,0.0,0.0,0.0005710516091009291,0.9855100000000033,0
2,map_48,128,2,0.1,-1.9000000000000008,0.0,0.0,0.0002992013901738184,0.973810000000006,0
3,map_48,128,2,0.1,-2.5999999999999965,0.0,0.0,0.00014462792637459643,0.9603100000000092,0
4,map_48,128,2,0.1,-2.699999999999997,0.0,0.0,0.00014164760294887755,0.9450100000000129,0
5,map_48,128,2,0.1,-3.69999999999999,0.0,0.0,0.00014774055929592578,0.9279100000000162,0
6,map_48,128,2,0.1,-4.099999999999988,0.0,0.0,0.0002199361646489706,0.9090100000000212,0
7,map_48,128,2,0.1,-3.5999999999999894,0.0,0.0,0.00015828868142004165,0.8883100000000259,0
8,map_48,128,2,0.1,-4.4999999999999885,0.0,0.0,0.00015209258386816006,0.8658100000000316,0
9,map_48,128,2,0.1,-4.199999999999986,0.0,0.0,0.00016525903439677288,0.8415100000000368,0
0,map_49,128,2,0.3,-1.800000000000001,0.0,0.0,0.0023586166044697165,0.9954100000000012,0
1,map_49,128,2,0.3,-1.8000000000000012,0.0,0.0,0.001221821122453548,0.9855100000000033,0
2,map_49,128,2,0.3,-2.0999999999999988,0.0,0.0,0.0005044450515664981,0.973810000000006,0
3,map_49,128,2,0.3,-2.4999999999999987,0.0,0.0,0.0003040321385924472,0.9603100000000092,0
4,map_49,128,2,0.3,-3.799999999999994,0.0,0.0,0.00027826234994184534,0.9450100000000129,0
5,map_49,128,2,0.3,-5.099999999999994,0.0,0.0,0.0001955908277159324,0.9279100000000162,0
6,map_49,128,2,0.3,-2.8999999999999946,0.0,0.0,0.00013204758953096725,0.9090100000000212,0
7,map_49,128,2,0.3,-4.59999999999999,0.0,0.0,0.0002457740264314149,0.8883100000000259,0
8,map_49,128,2,0.3,-3.59999999999999,0.0,0.0,0.00023963085404830054,0.8658100000000316,0
9,map_49,128,2,0.3,-6.799999999999995,0.0,0.0,0.00021898531381988766,0.8415100000000368,0
0,map_5,32,4,0.3,-2.8999999999999972,0.0,0.0,0.0014024457067716867,0.9954100000000012,0
1,map_5,32,4,0.3,-3.3999999999999972,0.0,0.0,0.0006880448653343289,0.9855100000000033,0
2,map_5,32,4,0.3,-2.7999999999999963,0.0,0.0,0.00019097527219855693,0.973810000000006,0
3,map_5,32,4,0.3,-3.0999999999999965,0.0,0.0,0.0003014451146555075,0.9603100000000092,0
4,map_5,32,4,0.3,-4.4999999999999964,0.0,0.0,0.0002770458790311952,0.9450100000000129,0
5,map_5,32,4,0.3,-6.0,0.0,0.0,0.00020406202900630888,0.9279100000000162,0
6,map_5,32,4,0.3,-6.099999999999999,0.0,0.0,0.0001771549673073671,0.9090100000000212,0
7,map_5,32,4,0.3,-5.699999999999994,0.0,0.0,0.0002752790775654527,0.8883100000000259,0
8,map_5,32,4,0.3,-5.599999999999993,0.0,0.0,0.00022649177514652436,0.8658100000000316,0
9,map_5,32,4,0.3,-6.199999999999997,0.0,0.0,0.0002537154923629714,0.8415100000000368,0
0,map_50,128,2,0.5,-3.699999999999998,0.0,0.0,0.0024695429916027933,0.9954100000000012,0
1,map_50,128,2,0.5,-0.04999999999999998,1.5,50.0,0.0012283566407859325,0.9904600000000023,1
2,map_50,128,2,0.5,-4.599999999999999,0.0,0.0,0.0006241212306901746,0.9837100000000037,0
3,map_50,128,2,0.5,-0.13,4.0,300.0,0.00032035019830800593,0.9771400000000053,1
4,map_50,128,2,0.5,0.0,1.0,0.0,0.0,0.0,1
5,map_50,128,2,0.5,0.0,1.0,0.0,0.0,0.0,1
6,map_50,128,2,0.5,0.0,1.0,0.0,0.0,0.0,1
7,map_50,128,2,0.5,-0.46,7.0,600.0,0.0002480061133004104,0.9763300000000054,1
8,map_50,128,2,0.5,-0.68,9.0,800.0,0.0001917103127198061,0.9750700000000059,1
9,map_50,128,2,0.5,-0.13,4.0,300.0,0.0002290532186937829,0.974080000000006,1
0,map_51,128,2,0.7,-0.68,4.5,350.0,0.008959672530181706,0.9991900000000001,1
1,map_51,128,2,0.7,-0.35000000000000003,6.0,500.0,0.0032405975740402936,0.9980200000000004,1
2,map_51,128,2,0.7,-0.25999999999999995,3.5,250.0,0.003285882373650869,0.9970300000000006,1
3,map_51,128,2,0.7,-2.1300000000000003,12.0,1100.0,0.002238180397240364,0.9944200000000015,1
4,map_51,128,2,0.7,-0.15,3.0,200.0,0.0013021042454056443,0.991900000000002,1
5,map_51,128,2,0.7,-1.5800000000000005,19.0,1800.0,0.0009519044963073813,0.9898300000000025,1
6,map_51,128,2,0.7,0.09000000000000001,1.0,0.0,0.00047241043648682535,0.9881200000000028,1
7,map_51,128,2,0.7,-1.2500000000000002,8.0,700.0,0.00039819937373977157,0.9866800000000031,1
8,map_51,128,2,0.7,-2.8099999999999996,16.0,1500.0,0.00020016212957054978,0.9825400000000039,1
9,map_51,128,2,0.7,-0.11,2.0,100.0,0.00018732990429271013,0.9796600000000047,1
0,map_52,128,4,0.1,-1.5000000000000007,0.0,0.0,0.001273206887485685,0.9954100000000012,0
1,map_52,128,4,0.1,-2.499999999999999,0.0,0.0,0.00015296008169419413,0.9855100000000033,0
2,map_52,128,4,0.1,-2.499999999999996,0.0,0.0,0.00019345157821330108,0.973810000000006,0
3,map_52,128,4,0.1,-2.3,0.0,0.0,0.00016785947643711553,0.9603100000000092,0
4,map_52,128,4,0.1,-3.199999999999991,0.0,0.0,0.0001090374557356376,0.9450100000000129,0
5,map_52,128,4,0.1,-3.4999999999999964,0.0,0.0,8.920844788008253e-05,0.9279100000000162,0
6,map_52,128,4,0.1,-3.199999999999996,0.0,0.0,0.00022133690389719877,0.9090100000000212,0
7,map_52,128,4,0.1,-3.999999999999992,0.0,0.0,0.00013294890083367743,0.8883100000000259,0
8,map_52,128,4,0.1,-3.8999999999999906,0.0,0.0,0.00018623584364831913,0.8658100000000316,0
9,map_52,128,4,0.1,-4.799999999999989,0.0,0.0,0.00018761629778184995,0.8415100000000368,0
0,map_53,128,4,0.3,-2.000000000000001,0.0,0.0,0.001967305653670337,0.9954100000000012,0
1,map_53,128,4,0.3,-2.699999999999997,0.0,0.0,0.0005446122791909147,0.9855100000000033,0
2,map_53,128,4,0.3,-3.999999999999995,0.0,0.0,0.00017930864965559783,0.973810000000006,0
3,map_53,128,4,0.3,-4.399999999999993,0.0,0.0,0.0001638691864627617,0.9603100000000092,0
4,map_53,128,4,0.3,-4.499999999999995,0.0,0.0,0.00015893916521842282,0.9450100000000129,0
5,map_53,128,4,0.3,-5.199999999999994,0.0,0.0,0.0001338269624648092,0.9279100000000162,0
6,map_53,128,4,0.3,-3.199999999999992,0.0,0.0,0.00018703930310783273,0.9090100000000212,0
7,map_53,128,4,0.3,-4.8999999999999915,0.0,0.0,0.00019375509124680928,0.8883100000000259,0
8,map_53,128,4,0.3,-5.09999999999999,0.0,0.0,0.0002506564775943004,0.8658100000000316,0
9,map_53,128,4,0.3,-5.6999999999999975,0.0,0.0,0.0003087929135030468,0.8415100000000368,0
0,map_54,128,4,0.5,-1.2900000000000003,20.0,1900.0,0.0005271317650591587,0.9982000000000004,1
1,map_54,128,4,0.5,-4.499999999999998,0.0,0.0,0.0008342216950647223,0.9910900000000022,0
2,map_54,128,4,0.5,-0.59,10.0,900.0,0.0002362412714218307,0.9848800000000035,1
3,map_54,128,4,0.5,-4.699999999999994,0.0,0.0,0.00022714542601534048,0.9768700000000061,0
4,map_54,128,4,0.5,-0.33,4.0,300.0,0.00024802687888344127,0.969400000000007,1
5,map_54,128,4,0.5,0.0,1.0,0.0,0.0,0.0,1
6,map_54,128,4,0.5,-5.199999999999991,0.0,0.0,0.0001803023029259004,0.9592300000000097,0
7,map_54,128,4,0.5,0.0,1.0,0.0,0.0,0.0,1
8,map_54,128,4,0.5,-6.999999999999999,0.0,0.0,0.00013361700085414877,0.9376300000000144,0
9,map_54,128,4,0.5,-2.6099999999999994,32.0,3100.0,0.00010520635882013237,0.9231400000000178,1
0,map_55,128,4,0.7,-0.33,4.0,300.0,0.008063999315102896,0.99964,1
1,map_55,128,4,0.7,-0.11,2.0,100.0,0.007315236609429121,0.9992800000000002,1
2,map_55,128,4,0.7,0.0,1.0,0.0,0.0,0.0,1
3,map_55,128,4,0.7,-1.4200000000000004,23.0,2200.0,0.003472598565911705,0.9972100000000005,1
4,map_55,128,4,0.7,0.0,1.0,0.0,0.0,0.0,1
5,map_55,128,4,0.7,-0.48,4.5,350.0,0.0017391639994457364,0.9945100000000013,1
6,map_55,128,4,0.7,-3.639999999999998,22.5,2150.0,0.0015113667971242896,0.9898300000000023,1
7,map_55,128,4,0.7,-0.5700000000000001,4.0,300.0,0.0012498178319739445,0.9852400000000036,1
8,map_55,128,4,0.7,-1.3800000000000003,19.0,1800.0,0.0007949556392203602,0.982990000000004,1
9,map_55,128,4,0.7,-0.22,3.0,200.0,0.00047478146734647453,0.9811900000000044,1
0,map_56,128,8,0.1,-2.000000000000001,0.0,0.0,0.0020650488062528894,0.9954100000000012,0
1,map_56,128,8,0.1,-1.8000000000000007,0.0,0.0,0.0002290079578718481,0.9855100000000033,0
2,map_56,128,8,0.1,-2.699999999999999,0.0,0.0,0.00028448438523420396,0.973810000000006,0
3,map_56,128,8,0.1,-3.0999999999999965,0.0,0.0,0.0002128082616309257,0.9603100000000092,0
4,map_56,128,8,0.1,-3.099999999999997,0.0,0.0,0.00026344409424281266,0.9450100000000129,0
5,map_56,128,8,0.1,-3.499999999999994,0.0,0.0,0.00015825380345631856,0.9279100000000162,0
6,map_56,128,8,0.1,-2.9999999999999942,0.0,0.0,9.786555841525445e-05,0.9090100000000212,0
7,map_56,128,8,0.1,-4.59999999999999,0.0,0.0,8.872808947065398e-05,0.8883100000000259,0
8,map_56,128,8,0.1,-4.19999999999999,0.0,0.0,0.00012594764621798486,0.8658100000000316,0
9,map_56,128,8,0.1,-4.199999999999986,0.0,0.0,0.00010180075706947328,0.8415100000000368,0
0,map_57,128,8,0.3,-2.2,0.0,0.0,0.001840120071428828,0.9954100000000012,0
1,map_57,128,8,0.3,-2.999999999999997,0.0,0.0,0.0002369883315016826,0.9855100000000033,0
2,map_57,128,8,0.3,-4.299999999999995,0.0,0.0,0.0003029475168399845,0.973810000000006,0
3,map_57,128,8,0.3,-5.099999999999996,0.0,0.0,0.00015096227089088642,0.9603100000000092,0
4,map_57,128,8,0.3,-4.399999999999995,0.0,0.0,0.00017212705307530189,0.9450100000000129,0
5,map_57,128,8,0.3,-6.099999999999998,0.0,0.0,0.0001858880255895201,0.9279100000000162,0
6,map_57,128,8,0.3,-3.3999999999999924,0.0,0.0,0.00043573643210534515,0.9090100000000212,0
7,map_57,128,8,0.3,-4.699999999999991,0.0,0.0,0.0002182560771567902,0.8883100000000259,0
8,map_57,128,8,0.3,-6.099999999999989,0.0,0.0,0.000344553021064852,0.8658100000000316,0
9,map_57,128,8,0.3,-6.099999999999992,0.0,0.0,0.00027243194105851996,0.8415100000000368,0
0,map_58,128,8,0.5,-1.9500000000000008,26.0,2500.0,0.0009349285492726267,0.9976600000000004,1
1,map_58,128,8,0.5,-0.6,2.75,175.0,0.0021410572458989917,0.9945100000000014,1
2,map_58,128,8,0.5,-1.07,6.0,500.0,0.0013399194337098913,0.9920800000000018,1
3,map_58,128,8,0.5,0.0,1.0,0.0,0.0,0.0,1
4,map_58,128,8,0.5,-1.5800000000000005,9.75,875.0,0.0006111158892101804,0.987130000000003,1
5,map_58,128,8,0.5,-5.899999999999999,0.0,0.0,0.00025953805663448293,0.9747100000000056,0
6,map_58,128,8,0.5,-0.13,4.0,300.0,0.00019086832374644777,0.9654400000000081,1
7,map_58,128,8,0.5,-0.11,2.0,100.0,0.00011905636347364634,0.9650800000000082,1
8,map_58,128,8,0.5,-8.100000000000001,0.0,0.0,0.0001731011261234436,0.9532900000000106,0
9,map_58,128,8,0.5,-4.419999999999997,63.0,6200.0,0.0001671384927777258,0.9360100000000149,1
0,map_59,128,8,0.7,-1.34,15.0,1400.0,0.0022103925435723276,0.9986500000000003,1
1,map_59,128,8,0.7,0.0,1.0,0.0,0.0,0.0,1
2,map_59,128,8,0.7,-0.68,9.0,800.0,0.0019674827199196443,0.9966700000000008,1
3,map_59,128,8,0.7,-0.33,4.0,300.0,0.0011784218174094956,0.995680000000001,1
4,map_59,128,8,0.7,-0.44,5.0,400.0,0.0009601899000699632,0.9950500000000012,1
5,map_59,128,8,0.7,0.0,1.0,0.0,0.0,0.0,1
6,map_59,128,8,0.7,-7.000000000000001,0.0,0.0,0.0008399147098481825,0.9847900000000035,0
7,map_59,128,8,0.7,-4.739999999999998,12.5,1150.0,0.0002516437083171253,0.9682300000000074,1
8,map_59,128,8,0.7,0.0,1.0,0.0,0.0,0.0,1
9,map_59,128,8,0.7,-0.33,4.0,300.0,0.0004065847606398165,0.961300000000009,1
0,map_6,32,4,0.5,-0.44,5.0,400.0,0.001620176451979205,0.99955,1
1,map_6,32,4,0.5,-0.66,7.0,600.0,0.000856378455258285,0.9986500000000004,1
2,map_6,32,4,0.5,-0.33,4.0,300.0,6.430265845362253e-05,0.9978400000000005,1
3,map_6,32,4,0.5,-5.299999999999997,0.0,0.0,0.000692091839891873,0.990370000000002,0
4,map_6,32,4,0.5,0.0,1.0,0.0,0.0,0.0,1
5,map_6,32,4,0.5,-0.7,11.0,1000.0,0.00018471976945875213,0.982270000000004,1
6,map_6,32,4,0.5,-0.13,4.0,300.0,0.00030008402730648714,0.9811000000000044,1
7,map_6,32,4,0.5,-6.999999999999999,0.0,0.0,0.00027613455498188465,0.9700300000000069,0
8,map_6,32,4,0.5,-1.3300000000000003,6.0,500.0,0.00029469669971149415,0.9571600000000098,1
9,map_6,32,4,0.5,-6.999999999999994,0.0,0.0,0.00019935263899242272,0.9424900000000144,0
0,map_60,128,16,0.1,-1.4000000000000004,0.0,0.0,0.0038982984377071263,0.9954100000000012,0
1,map_60,128,16,0.1,-1.9000000000000008,0.0,0.0,0.0013375958583007256,0.9855100000000033,0
2,map_60,128,16,0.1,-2.999999999999995,0.0,0.0,0.0005577249037742149,0.973810000000006,0
3,map_60,128,16,0.1,-2.599999999999999,0.0,0.0,0.0004167474419773498,0.9603100000000092,0
4,map_60,128,16,0.1,-3.1999999999999957,0.0,0.0,0.0002523067959474348,0.9450100000000129,0
5,map_60,128,16,0.1,-3.999999999999994,0.0,0.0,0.00020006374230433722,0.9279100000000162,0
6,map_60,128,16,0.1,-3.799999999999989,0.0,0.0,0.0004250721533687531,0.9090100000000212,0
7,map_60,128,16,0.1,-3.1999999999999917,0.0,0.0,0.0003965811838497757,0.8883100000000259,0
8,map_60,128,16,0.1,-2.999999999999993,0.0,0.0,0.0004630846402925762,0.8658100000000316,0
9,map_60,128,16,0.1,-2.999999999999998,0.0,0.0,0.0005973518502807045,0.8415100000000368,0
0,map_61,128,16,0.3,-1.5000000000000004,0.0,0.0,0.002618850029539317,0.9954100000000012,0
1,map_61,128,16,0.3,-3.3999999999999955,0.0,0.0,0.0010801559886507068,0.9855100000000033,0
2,map_61,128,16,0.3,-2.799999999999997,0.0,0.0,0.00047940052931413186,0.973810000000006,0
3,map_61,128,16,0.3,-3.9999999999999933,0.0,0.0,0.00027119398901049864,0.9603100000000092,0
4,map_61,128,16,0.3,-4.2999999999999945,0.0,0.0,0.00021086185774442533,0.9450100000000129,0
5,map_61,128,16,0.3,-6.099999999999998,0.0,0.0,0.0001996769064135151,0.9279100000000162,0
6,map_61,128,16,0.3,-5.699999999999997,0.0,0.0,0.00027258007367808286,0.9090100000000212,0
7,map_61,128,16,0.3,-5.699999999999993,0.0,0.0,0.00014918095318231886,0.8883100000000259,0
8,map_61,128,16,0.3,-5.79999999999999,0.0,0.0,0.0001441804959120838,0.8658100000000316,0
9,map_61,128,16,0.3,-5.799999999999996,0.0,0.0,0.00015584437751385848,0.8415100000000368,0
0,map_62,128,16,0.5,-4.099999999999997,0.0,0.0,0.001479713045846438,0.9954100000000012,0
1,map_62,128,16,0.5,-3.0999999999999988,10.2,628.5714285714286,0.0007349651987897233,0.986410000000003,1
2,map_62,128,16,0.5,-3.699999999999997,0.0,0.0,0.00028596005442003454,0.9756100000000059,0
3,map_62,128,16,0.5,-3.2999999999999954,0.0,0.0,0.00020430519734873087,0.9621100000000098,0
4,map_62,128,16,0.5,-6.200000000000003,0.0,0.0,0.00012573353754608737,0.9468100000000131,0
5,map_62,128,16,0.5,-1.2700000000000002,18.0,1700.0,0.0001465859399211374,0.9371800000000148,1
6,map_62,128,16,0.5,-2.6199999999999997,12.6,800.0,0.00012991541981107496,0.9300700000000164,1
7,map_62,128,16,0.5,-0.11,2.0,100.0,0.0001488535781390965,0.9244000000000177,1
8,map_62,128,16,0.5,0.0,1.0,0.0,0.0,0.0,1
9,map_62,128,16,0.5,0.0,1.0,0.0,0.0,0.0,1
0,map_63,128,16,0.7,-1.3400000000000003,7.5,650.0,0.0006893977698772298,0.9986500000000003,1
1,map_63,128,16,0.7,-1.3200000000000003,13.0,1200.0,0.002236994512107534,0.9963100000000008,1
2,map_63,128,16,0.7,-0.88,9.0,800.0,0.0017510648031020537,0.9945100000000013,1
3,map_63,128,16,0.7,-2.56,37.0,3600.0,0.0012185756196332579,0.990550000000002,1
4,map_63,128,16,0.7,-0.35,3.0,200.0,0.0009341501048766076,0.9868600000000031,1
5,map_63,128,16,0.7,0.0,1.0,0.0,0.0,0.0,1
6,map_63,128,16,0.7,-0.22,3.0,200.0,0.0007341562595684081,0.9862300000000033,1
7,map_63,128,16,0.7,-0.22,3.0,200.0,0.0005443354893941432,0.9858700000000034,1
8,map_63,128,16,0.7,-0.02,3.0,200.0,0.0004179583047516644,0.9855100000000034,1
9,map_63,128,16,0.7,-3.7299999999999978,22.0,2100.0,0.0005979160433039503,0.9814600000000044,1
0,map_7,32,4,0.7,-2.64,25.0,2400.0,0.0010908536539015283,0.9977500000000005,1
1,map_7,32,4,0.7,-0.98,19.0,1800.0,0.0017881500761076394,0.9939700000000015,1
2,map_7,32,4,0.7,-0.44,5.0,400.0,0.0007380136157735251,0.9919900000000019,1
3,map_7,32,4,0.7,-0.68,4.5,350.0,0.001265843580767978,0.9909100000000022,1
4,map_7,32,4,0.7,-0.11,2.0,100.0,0.001814977265894413,0.9901000000000023,1
5,map_7,32,4,0.7,-0.55,6.0,500.0,0.0013760165893472731,0.9895600000000023,1
6,map_7,32,4,0.7,-0.33,4.0,300.0,0.0013927581797664363,0.9888400000000025,1
7,map_7,32,4,0.7,-0.55,6.0,500.0,0.0016300238436087965,0.9881200000000028,1
8,map_7,32,4,0.7,0.0,1.0,0.0,0.0,0.0,1
9,map_7,32,4,0.7,0.0,1.0,0.0,0.0,0.0,1
0,map_8,32,8,0.1,-1.9000000000000008,0.0,0.0,0.0021477836940903216,0.9954100000000012,0
1,map_8,32,8,0.1,-2.6999999999999984,0.0,0.0,0.0005436274514067918,0.9855100000000033,0
2,map_8,32,8,0.1,-3.2999999999999954,0.0,0.0,0.0002559372063842602,0.973810000000006,0
3,map_8,32,8,0.1,-3.5999999999999934,0.0,0.0,0.00016784518857093644,0.9603100000000092,0
4,map_8,32,8,0.1,-3.899999999999994,0.0,0.0,0.00017976330172031238,0.9450100000000129,0
5,map_8,32,8,0.1,-3.0999999999999934,0.0,0.0,0.00011959127976297169,0.9279100000000162,0
6,map_8,32,8,0.1,-4.199999999999993,0.0,0.0,0.00015068626393754543,0.9090100000000212,0
7,map_8,32,8,0.1,-2.2900000000000005,7.2727272727272725,627.2727272727273,0.0002002149014998982,0.892000000000025,1
8,map_8,32,8,0.1,-3.8999999999999915,0.0,0.0,0.00021462615830107376,0.8731900000000298,0
9,map_8,32,8,0.1,-2.899999999999993,0.0,0.0,0.0002787062093765209,0.848890000000035,0
0,map_9,32,8,0.3,-2.699999999999998,0.0,0.0,0.0026765706192236395,0.9954100000000012,0
1,map_9,32,8,0.3,-4.299999999999996,0.0,0.0,0.0007946468009322416,0.9855100000000033,0
2,map_9,32,8,0.3,-3.199999999999996,0.0,0.0,0.00027287468411876553,0.973810000000006,0
3,map_9,32,8,0.3,-4.4999999999999964,0.0,0.0,0.00023650774392081075,0.9603100000000092,0
4,map_9,32,8,0.3,-4.799999999999995,0.0,0.0,0.00015370898513032848,0.9450100000000129,0
5,map_9,32,8,0.3,-4.999999999999999,0.0,0.0,0.000216676748568716,0.9279100000000162,0
6,map_9,32,8,0.3,-3.3999999999999924,0.0,0.0,0.00020727716420713643,0.9090100000000212,0
7,map_9,32,8,0.3,-5.199999999999993,0.0,0.0,0.00019084455434494884,0.8883100000000259,0
8,map_9,32,8,0.3,-8.200000000000001,0.0,0.0,0.0002485030793300561,0.8658100000000316,0
9,map_9,32,8,0.3,-5.699999999999989,0.0,0.0,0.0002897166530081969,0.8415100000000368,0
